{
    "Recall@k": [
        0.4007035175879396,
        0.5642211055276386,
        0.6347403685092132,
        0.7006030150753775
    ],
    "k": [
        1,
        3,
        5,
        10
    ],
    "Average": "57.51"
}